<?xml version="1.0" encoding="UTF-8"?>
<rss version="2.0" xmlns:atom="https://www.w3.org/2005/Atom" xmlns:dc="https://purl.org/dc/elements/1.1/">
  <channel>
    <title>Chalk</title>
    <description></description>
    <link>http://chalk.nielsenramon.com</link>
    <atom:link href="http://chalk.nielsenramon.com/feed.xml" rel="self" type="application/rss+xml" />
    
      <item>
        <title>Introducing chalk</title>
        <description>Chalk is a high quality, completely customizable, performant and 100% free blog template for Jekyll.</description>
        <pubDate>Mon, 17 Oct 2016 00:00:00 +0200</pubDate>
        <link>http://chalk.nielsenramon.com/posts/introducing-chalk</link>
        <guid isPermaLink="true">http://chalk.nielsenramon.com/posts/introducing-chalk</guid>
      </item>
    
      <item>
        <title>How to configure Chalk</title>
        <description>Learn more about the config file for Chalk and how to set it up properly.</description>
        <pubDate>Sun, 16 Oct 2016 00:00:00 +0200</pubDate>
        <link>http://chalk.nielsenramon.com/posts/configuring-chalk</link>
        <guid isPermaLink="true">http://chalk.nielsenramon.com/posts/configuring-chalk</guid>
      </item>
    
      <item>
        <title>Chalk sample post with all elements</title>
        <description>Have a look at all the predesigned elements you can use in Chalk.</description>
        <pubDate>Sat, 15 Oct 2016 00:00:00 +0200</pubDate>
        <link>http://chalk.nielsenramon.com/posts/chalk-sample-post-with-all-elements</link>
        <guid isPermaLink="true">http://chalk.nielsenramon.com/posts/chalk-sample-post-with-all-elements</guid>
      </item>
    
  </channel>
</rss>
